{
  "tag": "refactor_smoke_tree_olive_0",
  "photo": "tree_olive.png",
  "tree_idx": 0,
  "init_score": 4.035745055879599,
  "final_score": 2.7560598465735433,
  "improvement_pct": 31.708772273454365,
  "best_params": {
    "wp_scale": 6.966897933570667,
    "wp_ratio": 0.04044784894385654,
    "wp_baseSize": 0.1717468356701704,
    "wp0_curve": 11.013326511052748,
    "wp0_segs": 8.09292356166007,
    "wp0_branches": 17.103794260776784,
    "wp0_taper": 0.904842681988635,
    "wp1_L": 0.6176920415202813,
    "wp1_curve": -13.9285109414108,
    "wp1_segs": 4.878122343848683,
    "wp1_branches": 8.83553224256013,
    "wp1_down": 68.89538130430581,
    "wp1_taper": 0.7163359383256565,
    "wp2_L": 0.49502687319464805,
    "wp2_branches": 6.687017949597951,
    "wp2_down": 57.27317926535607,
    "wp_leaf_per_tip": 48.96970806209595,
    "wp_leaf_cluster_r": 0.5192317601326247,
    "wp_leaf_size": 0.09744385147318549,
    "leaves_per_tip": 48.96970806209595,
    "leaf_scale": 1.0,
    "n_secondary": 1,
    "secondary_radius": 0.0,
    "trunk_thickness_scale": 1.0,
    "leaves_per_unit_length": 0.0,
    "twig_leaf_offset": 0.1,
    "density_prune_frac": 0.0,
    "color_noise_scale": 1.0,
    "twig_radius_threshold": 0.05,
    "tier_vertical_squash": 0.4
  },
  "sub_scores": {
    "sil": 0.28203893720097495,
    "col": 0.06781310840851608,
    "spat": 0.0,
    "cond": 3.6076245406341143,
    "fft": 0.06593788415193558,
    "ssim": 0.8062245755581126,
    "lab": 0.04368440789476302,
    "biou": 0.5159759301635731,
    "dist": 0.0030118468492051098,
    "aspect": 0.0970780072204787,
    "band": 0.25944549798904193,
    "vgg": 0.0,
    "iou": 0.5224436172542151,
    "b_iou": 0.4840240698364268
  },
  "n_evals": 114
}